source1_entity_id	matched_entity_ids
S1-102847291	
S1-103138354	
S1-104317115	
S1-106130112	
S1-106407869	
S1-11379912	
S1-122385784	
S1-123475953	S3-241910201
S1-126274111	S2-775330636
S1-133484055	
S1-13506955	
S1-139090022	
S1-142638295	
S1-143287441	S2-314125375,S3-56295844
S1-1433093	
S1-149784022	
S1-156285671	S3-934940861,S3-764166495,S3-819857072
S1-162954117	
S1-17003766	S2-13072938,S3-868927600,S3-992933777,S3-213603178,S2-482075294,S3-151967478
S1-181883447	
S1-182458975	
S1-183285524	
S1-185535466	S2-182364885
S1-192481319	S3-118955015
S1-198662647	
S1-208197675	
S1-209281220	
S1-215270294	
S1-219350089	
S1-220057580	
S1-222645796	
S1-22335277	
S1-244940399	
S1-252468250	
S1-255349799	
S1-261170522	
S1-261476747	S3-752021853,S3-121655814,S3-530250452,S3-960612880,S3-255296887
S1-261642209	
S1-262020943	
S1-269499779	
S1-270951405	
S1-273531258	
S1-273768056	S3-170193764
S1-279446676	
S1-279963953	
S1-280204013	
S1-280936763	
S1-287307821	
S1-291584542	
S1-295346696	S3-922753681,S3-988261331
S1-302219416	
S1-302536542	
S1-307277652	
S1-308199161	
S1-313092170	
S1-317707487	
S1-323395452	
S1-32767080	
S1-327983313	
S1-334672926	
S1-336786786	
S1-337122273	
S1-339015166	
S1-339269492	
S1-345501851	S3-385977150,S3-137797686
S1-346777444	
S1-349698918	
S1-351656683	S3-609100325,S3-810060615,S3-754769050,S3-21680515,S2-185013334,S3-740366073,S3-409513890,S3-38070179,S2-405661531,S2-509829201,S2-541984172,S3-591095582,S3-213182866,S3-992362711,S2-621225139,S2-380877204,S2-906190563,S2-367870951,S3-710323041,S3-616747941,S2-467501398,S3-478690867
S1-35309228	
S1-358927120	
S1-365170694	S3-204115708,S3-722922678
S1-366528589	
S1-370806262	
S1-378191895	
S1-381894503	S3-834910130,S3-678601401
S1-382076507	
S1-383508132	S3-766141107,S3-436122265,S3-761354474,S3-96658915
S1-385569722	
S1-385801270	
S1-391244573	
S1-394334841	
S1-395055615	
S1-396150929	S3-123529200
S1-39733947	
S1-402621048	
S1-413573159	
S1-4144001	
S1-41643447	
S1-418524279	S2-672741465
S1-423414451	
S1-426194890	
S1-429550703	
S1-430298053	S2-358836213
S1-430462466	
S1-431137009	
S1-437281614	
S1-444801830	
S1-44674670	
S1-453884385	
S1-455827432	
S1-457601305	
S1-457973373	
S1-459183905	
S1-465557953	
S1-466641145	S3-715349594,S3-46391919,S3-412307944
S1-474452362	
S1-476026008	
S1-47803313	
S1-479574617	
S1-479716586	
S1-481669221	
S1-481776787	
S1-48247433	
S1-483126440	
S1-484349079	
S1-488635826	
S1-493139457	
S1-493959729	S3-619267752
S1-502376041	S2-551281247
S1-503010787	
S1-503254241	
S1-503487168	
S1-507163415	
S1-509532493	
S1-512210875	
S1-518257638	
S1-518847572	
S1-520627257	
S1-520799361	
S1-52153457	
S1-526334226	
S1-527611593	S3-6822167,S3-719863593,S3-715060299,S3-320255402
S1-528962373	
S1-540642140	
S1-542615632	
S1-544222533	
S1-547053441	
S1-548433616	
S1-550154910	
S1-550679918	
S1-552966879	
S1-556611862	
S1-559615219	
S1-559968662	
S1-56410032	
S1-564662660	
S1-569369299	S3-267317871
S1-570053103	
S1-574528784	
S1-577269922	
S1-581360597	
S1-587404171	
S1-590781135	
S1-591894902	
S1-594021398	
S1-595486290	
S1-595583207	
S1-598136304	
S1-598558953	S3-723460337
S1-603458137	
S1-60876864	
S1-614259237	
S1-615018738	S3-785270076
S1-616465752	S3-175446583
S1-619110488	
S1-621024	
S1-621676240	
S1-623031914	
S1-628750886	S3-981806152
S1-640880009	
S1-64462728	
S1-650304466	
S1-650650055	
S1-653070765	
S1-655700316	
S1-655802552	S2-661143069
S1-659666950	
S1-660977005	
S1-661144640	
S1-666592077	
S1-667272642	S2-847014050,S3-498927268
S1-669434847	
S1-674871004	
S1-680637447	
S1-682391735	S3-494441152,S3-577927061,S3-792028036
S1-684202485	
S1-684318101	
S1-684974736	
S1-687813152	
S1-689823050	
S1-693870315	
S1-693956169	S2-774664132
S1-704604312	
S1-712639027	
S1-714038427	
S1-714132312	
S1-714649207	
S1-717385838	
S1-717749279	S2-913195122,S3-410392259,S2-247738094,S2-13682032
S1-720336913	
S1-724741475	
S1-725006887	
S1-72706873	
S1-727773972	
S1-733472967	
S1-73366741	
S1-736469556	S2-495395238
S1-742053041	
S1-746909581	
S1-748500004	
S1-74852342	
S1-750279127	S3-648964505
S1-751409146	
S1-759762834	
S1-762005078	
S1-762839052	
S1-762904067	S3-94514179,S3-314476048
S1-766408899	
S1-772535560	S3-741089434
S1-772914073	S3-596281486,S3-322285697
S1-77383698	
S1-776267063	S3-331972603,S3-682610611
S1-778640743	S3-467616579
S1-78029452	
S1-781801397	
S1-78181547	
S1-782456413	
S1-782634160	
S1-784673398	
S1-78728267	
S1-788563249	
S1-789788578	
S1-792204527	
S1-799535694	S3-845518080
S1-800911534	
S1-802731895	
S1-807424751	
S1-807938084	
S1-81033582	S3-451380040,S3-258552232,S3-435398491
S1-813052697	S3-846130008
S1-816918307	
S1-819898451	S3-744251626,S3-655482194,S3-330930479,S3-828458114
S1-820730560	
S1-827961773	S2-672741465,S3-311423133,S3-929474627,S3-152643787
S1-829126727	S3-100967220
S1-83258310	
S1-834257002	S2-108197339
S1-837916944	S3-255657902
S1-841168517	
S1-842551642	
S1-847114478	
S1-848293840	
S1-851421910	
S1-85238196	
S1-860482342	
S1-862701045	
S1-866981273	
S1-867332501	
S1-868609391	
S1-870190130	
S1-870654726	
S1-873761236	
S1-874436225	
S1-875777939	
S1-87832748	
S1-883416047	
S1-884660527	
S1-887500171	
S1-889012090	S3-691478522
S1-89100953	S2-972087927
S1-892745196	
S1-895087526	
S1-897975128	
S1-901504091	
S1-906720062	
S1-909865979	
S1-910004085	
S1-913506265	S3-959743474,S3-274269512,S3-785126381,S3-1714212
S1-915512126	
S1-918109974	
S1-921369899	S3-121571566,S3-285673802
S1-930501805	
S1-937349180	
S1-94096071	
S1-946184931	
S1-949091955	
S1-950720921	
S1-960747316	S3-674057468
S1-964877324	S3-847768849
S1-967139755	
S1-969300060	
S1-971996731	
S1-977549219	
S1-983603694	
S1-983819279	
S1-986604838	
S1-991875825	
S1-992285010	
S1-99245709	
S1-999165514	
